<font>
  <info face="font" size="30" bold="0" italic="0" charset="" unicode="" stretchH="100" smooth="1" aa="1" padding="2,2,2,2" spacing="0,0" outline="0"/>
  <common lineHeight="45" base="26" scaleW="256" scaleH="512" pages="1" packed="0"/>
  <pages>
    <page id="0" file="font.png"/>
  </pages>
  <chars count="95">
    <char id="32" x="2" y="2" width="0" height="0" xoffset="0" yoffset="26" xadvance="19" page="0" chnl="15"/>
    <char id="33" x="2" y="4" width="8" height="31" xoffset="0" yoffset="0" xadvance="8" page="0" chnl="15"/>
    <char id="34" x="2" y="37" width="19" height="16" xoffset="0" yoffset="0" xadvance="19" page="0" chnl="15"/>
    <char id="35" x="12" y="2" width="23" height="31" xoffset="0" yoffset="0" xadvance="23" page="0" chnl="15"/>
    <char id="36" x="2" y="55" width="23" height="31" xoffset="0" yoffset="0" xadvance="23" page="0" chnl="15"/>
    <char id="37" x="2" y="88" width="23" height="31" xoffset="0" yoffset="0" xadvance="23" page="0" chnl="15"/>
    <char id="38" x="2" y="121" width="23" height="31" xoffset="0" yoffset="0" xadvance="23" page="0" chnl="15"/>
    <char id="39" x="23" y="35" width="12" height="16" xoffset="0" yoffset="0" xadvance="11" page="0" chnl="15"/>
    <char id="40" x="2" y="154" width="19" height="31" xoffset="0" yoffset="0" xadvance="19" page="0" chnl="15"/>
    <char id="41" x="2" y="187" width="19" height="31" xoffset="0" yoffset="0" xadvance="19" page="0" chnl="15"/>
    <char id="42" x="2" y="220" width="19" height="16" xoffset="0" yoffset="8" xadvance="19" page="0" chnl="15"/>
    <char id="43" x="2" y="238" width="23" height="23" xoffset="0" yoffset="4" xadvance="23" page="0" chnl="15"/>
    <char id="44" x="23" y="154" width="8" height="16" xoffset="0" yoffset="19" xadvance="8" page="0" chnl="15"/>
    <char id="45" x="23" y="172" width="23" height="8" xoffset="0" yoffset="11" xadvance="23" page="0" chnl="15"/>
    <char id="46" x="23" y="182" width="8" height="12" xoffset="0" yoffset="19" xadvance="8" page="0" chnl="15"/>
    <char id="47" x="23" y="196" width="23" height="31" xoffset="0" yoffset="0" xadvance="23" page="0" chnl="15"/>
    <char id="48" x="27" y="53" width="23" height="31" xoffset="0" yoffset="0" xadvance="23" page="0" chnl="15"/>
    <char id="49" x="37" y="2" width="23" height="31" xoffset="0" yoffset="0" xadvance="23" page="0" chnl="15"/>
    <char id="50" x="27" y="86" width="23" height="31" xoffset="0" yoffset="0" xadvance="23" page="0" chnl="15"/>
    <char id="51" x="27" y="119" width="23" height="31" xoffset="0" yoffset="0" xadvance="23" page="0" chnl="15"/>
    <char id="52" x="2" y="263" width="23" height="31" xoffset="0" yoffset="0" xadvance="23" page="0" chnl="15"/>
    <char id="53" x="2" y="296" width="23" height="31" xoffset="0" yoffset="0" xadvance="23" page="0" chnl="15"/>
    <char id="54" x="2" y="329" width="23" height="31" xoffset="0" yoffset="0" xadvance="23" page="0" chnl="15"/>
    <char id="55" x="2" y="362" width="23" height="31" xoffset="0" yoffset="0" xadvance="23" page="0" chnl="15"/>
    <char id="56" x="2" y="395" width="23" height="31" xoffset="0" yoffset="0" xadvance="23" page="0" chnl="15"/>
    <char id="57" x="2" y="428" width="23" height="31" xoffset="0" yoffset="0" xadvance="23" page="0" chnl="15"/>
    <char id="58" x="2" y="461" width="8" height="27" xoffset="0" yoffset="4" xadvance="8" page="0" chnl="15"/>
    <char id="59" x="12" y="461" width="8" height="31" xoffset="0" yoffset="4" xadvance="8" page="0" chnl="15"/>
    <char id="60" x="22" y="461" width="19" height="31" xoffset="0" yoffset="0" xadvance="19" page="0" chnl="15"/>
    <char id="61" x="27" y="229" width="23" height="19" xoffset="0" yoffset="8" xadvance="23" page="0" chnl="15"/>
    <char id="62" x="48" y="152" width="19" height="31" xoffset="0" yoffset="0" xadvance="19" page="0" chnl="15"/>
    <char id="63" x="48" y="185" width="23" height="31" xoffset="0" yoffset="0" xadvance="23" page="0" chnl="15"/>
    <char id="64" x="52" y="35" width="27" height="31" xoffset="0" yoffset="0" xadvance="26" page="0" chnl="15"/>
    <char id="65" x="62" y="2" width="23" height="31" xoffset="0" yoffset="0" xadvance="23" page="0" chnl="15"/>
    <char id="66" x="52" y="68" width="23" height="31" xoffset="0" yoffset="0" xadvance="23" page="0" chnl="15"/>
    <char id="67" x="52" y="101" width="23" height="31" xoffset="0" yoffset="0" xadvance="23" page="0" chnl="15"/>
    <char id="68" x="69" y="134" width="23" height="31" xoffset="0" yoffset="0" xadvance="23" page="0" chnl="15"/>
    <char id="69" x="77" y="68" width="23" height="31" xoffset="0" yoffset="0" xadvance="23" page="0" chnl="15"/>
    <char id="70" x="81" y="35" width="23" height="31" xoffset="0" yoffset="0" xadvance="23" page="0" chnl="15"/>
    <char id="71" x="87" y="2" width="23" height="31" xoffset="0" yoffset="0" xadvance="23" page="0" chnl="15"/>
    <char id="72" x="77" y="101" width="23" height="31" xoffset="0" yoffset="0" xadvance="23" page="0" chnl="15"/>
    <char id="73" x="27" y="250" width="16" height="31" xoffset="0" yoffset="0" xadvance="15" page="0" chnl="15"/>
    <char id="74" x="27" y="283" width="23" height="31" xoffset="0" yoffset="0" xadvance="23" page="0" chnl="15"/>
    <char id="75" x="45" y="250" width="23" height="31" xoffset="0" yoffset="0" xadvance="23" page="0" chnl="15"/>
    <char id="76" x="27" y="316" width="23" height="31" xoffset="0" yoffset="0" xadvance="23" page="0" chnl="15"/>
    <char id="77" x="27" y="349" width="23" height="31" xoffset="0" yoffset="0" xadvance="23" page="0" chnl="15"/>
    <char id="78" x="27" y="382" width="23" height="31" xoffset="0" yoffset="0" xadvance="23" page="0" chnl="15"/>
    <char id="79" x="27" y="415" width="23" height="31" xoffset="0" yoffset="0" xadvance="23" page="0" chnl="15"/>
    <char id="80" x="43" y="448" width="23" height="31" xoffset="0" yoffset="0" xadvance="23" page="0" chnl="15"/>
    <char id="81" x="52" y="283" width="23" height="31" xoffset="0" yoffset="0" xadvance="23" page="0" chnl="15"/>
    <char id="82" x="70" y="218" width="23" height="31" xoffset="0" yoffset="0" xadvance="23" page="0" chnl="15"/>
    <char id="83" x="73" y="167" width="23" height="31" xoffset="0" yoffset="0" xadvance="23" page="0" chnl="15"/>
    <char id="84" x="94" y="134" width="23" height="31" xoffset="0" yoffset="0" xadvance="23" page="0" chnl="15"/>
    <char id="85" x="102" y="68" width="23" height="31" xoffset="0" yoffset="0" xadvance="23" page="0" chnl="15"/>
    <char id="86" x="106" y="35" width="23" height="31" xoffset="0" yoffset="0" xadvance="23" page="0" chnl="15"/>
    <char id="87" x="112" y="2" width="23" height="31" xoffset="0" yoffset="0" xadvance="23" page="0" chnl="15"/>
    <char id="88" x="102" y="101" width="23" height="31" xoffset="0" yoffset="0" xadvance="23" page="0" chnl="15"/>
    <char id="89" x="52" y="316" width="23" height="31" xoffset="0" yoffset="0" xadvance="23" page="0" chnl="15"/>
    <char id="90" x="52" y="349" width="23" height="31" xoffset="0" yoffset="0" xadvance="23" page="0" chnl="15"/>
    <char id="91" x="52" y="382" width="16" height="31" xoffset="0" yoffset="0" xadvance="15" page="0" chnl="15"/>
    <char id="92" x="52" y="415" width="23" height="31" xoffset="0" yoffset="0" xadvance="23" page="0" chnl="15"/>
    <char id="93" x="70" y="382" width="16" height="31" xoffset="0" yoffset="0" xadvance="15" page="0" chnl="15"/>
    <char id="94" x="73" y="200" width="23" height="16" xoffset="0" yoffset="0" xadvance="23" page="0" chnl="15"/>
    <char id="95" x="2" y="494" width="23" height="8" xoffset="0" yoffset="23" xadvance="23" page="0" chnl="15"/>
    <char id="96" x="37" y="35" width="12" height="16" xoffset="0" yoffset="0" xadvance="11" page="0" chnl="15"/>
    <char id="97" x="43" y="481" width="23" height="23" xoffset="0" yoffset="8" xadvance="23" page="0" chnl="15"/>
    <char id="98" x="68" y="448" width="23" height="31" xoffset="0" yoffset="0" xadvance="23" page="0" chnl="15"/>
    <char id="99" x="68" y="481" width="23" height="23" xoffset="0" yoffset="8" xadvance="23" page="0" chnl="15"/>
    <char id="100" x="77" y="415" width="23" height="31" xoffset="0" yoffset="0" xadvance="23" page="0" chnl="15"/>
    <char id="101" x="70" y="251" width="23" height="23" xoffset="0" yoffset="8" xadvance="23" page="0" chnl="15"/>
    <char id="102" x="93" y="448" width="19" height="31" xoffset="0" yoffset="0" xadvance="19" page="0" chnl="15"/>
    <char id="103" x="93" y="481" width="23" height="27" xoffset="0" yoffset="8" xadvance="23" page="0" chnl="15"/>
    <char id="104" x="77" y="276" width="23" height="31" xoffset="0" yoffset="0" xadvance="23" page="0" chnl="15"/>
    <char id="105" x="95" y="218" width="8" height="31" xoffset="0" yoffset="0" xadvance="8" page="0" chnl="15"/>
    <char id="106" x="98" y="167" width="23" height="34" xoffset="0" yoffset="0" xadvance="23" page="0" chnl="15"/>
    <char id="107" x="119" y="134" width="19" height="31" xoffset="0" yoffset="0" xadvance="19" page="0" chnl="15"/>
    <char id="108" x="127" y="68" width="12" height="31" xoffset="0" yoffset="0" xadvance="11" page="0" chnl="15"/>
    <char id="109" x="95" y="251" width="23" height="23" xoffset="0" yoffset="8" xadvance="23" page="0" chnl="15"/>
    <char id="110" x="131" y="35" width="23" height="23" xoffset="0" yoffset="8" xadvance="23" page="0" chnl="15"/>
    <char id="111" x="137" y="2" width="23" height="23" xoffset="0" yoffset="8" xadvance="23" page="0" chnl="15"/>
    <char id="112" x="127" y="101" width="23" height="27" xoffset="0" yoffset="8" xadvance="23" page="0" chnl="15"/>
    <char id="113" x="141" y="60" width="23" height="27" xoffset="0" yoffset="8" xadvance="23" page="0" chnl="15"/>
    <char id="114" x="156" y="27" width="23" height="23" xoffset="0" yoffset="8" xadvance="23" page="0" chnl="15"/>
    <char id="115" x="162" y="2" width="23" height="23" xoffset="0" yoffset="8" xadvance="23" page="0" chnl="15"/>
    <char id="116" x="105" y="203" width="16" height="31" xoffset="0" yoffset="0" xadvance="15" page="0" chnl="15"/>
    <char id="117" x="77" y="309" width="23" height="23" xoffset="0" yoffset="8" xadvance="23" page="0" chnl="15"/>
    <char id="118" x="77" y="334" width="23" height="23" xoffset="0" yoffset="8" xadvance="23" page="0" chnl="15"/>
    <char id="119" x="88" y="359" width="23" height="23" xoffset="0" yoffset="8" xadvance="23" page="0" chnl="15"/>
    <char id="120" x="88" y="384" width="23" height="23" xoffset="0" yoffset="8" xadvance="23" page="0" chnl="15"/>
    <char id="121" x="102" y="409" width="23" height="27" xoffset="0" yoffset="8" xadvance="23" page="0" chnl="15"/>
    <char id="122" x="114" y="438" width="23" height="23" xoffset="0" yoffset="8" xadvance="23" page="0" chnl="15"/>
    <char id="123" x="118" y="463" width="19" height="31" xoffset="0" yoffset="0" xadvance="19" page="0" chnl="15"/>
    <char id="124" x="102" y="276" width="8" height="31" xoffset="0" yoffset="0" xadvance="8" page="0" chnl="15"/>
    <char id="125" x="102" y="309" width="19" height="31" xoffset="0" yoffset="0" xadvance="19" page="0" chnl="15"/>
    <char id="126" x="105" y="236" width="27" height="12" xoffset="0" yoffset="0" xadvance="26" page="0" chnl="15"/>
    <char id="32" x="0" y="0" width="0" height="0" xoffset="0" yoffset="0" xadvance="19" page="0" chnl="15"/>
  </chars>
</font>